Company,Website,All_Rentals_Page
Pelican Beach Management,https://www.pelicanbeachmanagement.com,https://pelican-beach.com/vacation-rentals
Destin West Vacations,https://www.destinwest.com,https://www.destinwest.com/vacation-rentals
Beach Condos in Destin,https://www.beachcondosindestin.com,https://www.beachcondosindestin.com/vacation-rentals
Dune Allen Realty Vacation Rentals,https://www.beautifulbeach.com,https://www.beautifulbeach.com/vacation-rentals
Ocean Reef Vacation Rentals & Real Estate,https://www.oceanreefresorts.com,https://www.oceanreefresorts.com/vacation-rentals
Mara Lee Vacation Rentals,https://www.maraleerentals.com,https://www.maraleerentals.com/vacation-rentals
Holiday Isle Properties,https://www.holidayisle.net,https://www.holidayisle.net/destin-vacation-rentals
Kimberly Lang Vacation Rental Properties,https://www.vacationrentalsonthegulfcoast.com,https://www.vacationrentalsonthegulfcoast.com/vacation-rentals
Sea Star Vacations,https://seastarvacations.net,https://seastarvacations.net/vacation-rentals
Sunset Resort Rentals,https://www.sunsetresortrentals.com,https://www.sunsetresortrentals.com/vacation-rentals
Forever Destin Beach Rentals,https://www.foreverdestinbeachrentals.com,https://www.foreverdestinbeachrentals.com/vacation-rentals
Oversee,https://www.oversee.us,https://www.oversee.us/rentals
Brooks and Shorey Resorts,https://www.emeraldcoastrentals.com,https://www.emeraldcoastrentals.com/destin-vacation-rentals
30A Escapes,https://www.30aescapes.com,https://www.30aescapes.com/all-rentals
360 Blue,https://www.360blue.com,https://www.360blue.com/vacation-rentals
Benchmark Management,https://www.benchmark30a.com,https://www.benchmark30a.com/rentals
Scenic Stays,https://www.myscenicstays.com,https://www.myscenicstays.com/vacation-rentals
RealJoy Vacations,https://realjoy.com,https://realjoy.com/vacation-rentals
Destin Dreamers,https://www.destindreamers.com,https://www.destindreamers.com/vacation-rentals/rentals-sitemap/
Five Star Properties,https://www.fivestargulfrentals.com,https://www.fivestargulfrentals.com/search-results/?sort_by=price
Gibson Beach Rentals,https://www.gibsonbeachrentals.com,https://www.gibsonbeachrentals.com/rentals/listproperties/
Harmony Beach Vacations,https://www.harmonybeachvacations.com,https://www.harmonybeachvacations.com/all-rentals
Panhandle Getaways,https://www.panhandlegetaways.com,https://www.panhandlegetaways.com/vacation-rentals
Beach Blue Properties,https://www.beachblueproperties.com,https://www.beachblueproperties.com/vacation-rentals
Dune Vacation Rentals,https://dunevacationrentals.com,https://dunevacationrentals.com/30a-vacation-rentals
Gulf Tide Vacations,https://www.gulftidedestin.com,https://www.gulftidedestin.com/vacation-rentals
